site_id,category,url,domain,title
neg_001,Video_Games,https://store.steampowered.com/app/730,store.steampowered.com,
neg_002,Video_Games,https://store.steampowered.com/app/570,store.steampowered.com,
neg_003,Video_Games,https://store.steampowered.com/app/271590,store.steampowered.com,
neg_004,Video_Games,https://store.steampowered.com/app/1245620,store.steampowered.com,
neg_005,Video_Games,https://store.steampowered.com/app/1091500,store.steampowered.com,
neg_006,Video_Games,https://store.steampowered.com/app/292030,store.steampowered.com,
neg_007,Music_Videos,https://www.youtube.com/watch?v=dQw4w9WgXcQ,www.youtube.com,
neg_008,Music_Videos,https://www.youtube.com/watch?v=kJQP7kiw5Fk,www.youtube.com,
neg_009,Music_Videos,https://www.youtube.com/watch?v=9bZkp7q19f0,www.youtube.com,
neg_010,Music_Videos,https://www.youtube.com/watch?v=JGwWNGJdvx8,www.youtube.com,
neg_011,Music_Videos,https://www.youtube.com/watch?v=fJ9rUzIMcZQ,www.youtube.com,
neg_012,Music_Videos,https://www.youtube.com/watch?v=OPf0YbXqDm0,www.youtube.com,
neg_013,Sports,https://en.wikipedia.org/wiki/FIFA_World_Cup,en.wikipedia.org,
neg_014,Sports,https://en.wikipedia.org/wiki/National_Basketball_Association,en.wikipedia.org,
neg_015,Sports,https://en.wikipedia.org/wiki/Super_Bowl,en.wikipedia.org,
neg_016,Sports,https://en.wikipedia.org/wiki/Formula_One,en.wikipedia.org,
neg_017,Sports,https://en.wikipedia.org/wiki/Lionel_Messi,en.wikipedia.org,
neg_018,Sports,https://en.wikipedia.org/wiki/LeBron_James,en.wikipedia.org,
neg_019,TV_Shows,https://en.wikipedia.org/wiki/Breaking_Bad,en.wikipedia.org,
neg_020,TV_Shows,https://en.wikipedia.org/wiki/Game_of_Thrones,en.wikipedia.org,
neg_021,TV_Shows,https://en.wikipedia.org/wiki/Stranger_Things,en.wikipedia.org,
neg_022,TV_Shows,https://en.wikipedia.org/wiki/Squid_Game,en.wikipedia.org,
neg_023,TV_Shows,https://en.wikipedia.org/wiki/Friends,en.wikipedia.org,
neg_024,TV_Shows,https://en.wikipedia.org/wiki/The_Office_(American_TV_series),en.wikipedia.org,
neg_025,Movies,https://en.wikipedia.org/wiki/The_Dark_Knight_(film),en.wikipedia.org,
neg_026,Movies,https://en.wikipedia.org/wiki/Titanic_(1997_film),en.wikipedia.org,
neg_027,Movies,https://en.wikipedia.org/wiki/The_Matrix,en.wikipedia.org,
neg_028,Movies,https://en.wikipedia.org/wiki/Pulp_Fiction,en.wikipedia.org,
neg_029,Movies,https://en.wikipedia.org/wiki/Inception,en.wikipedia.org,
neg_030,Movies,https://en.wikipedia.org/wiki/Avatar_(2009_film),en.wikipedia.org,
neg_031,Food,https://en.wikipedia.org/wiki/Pizza,en.wikipedia.org,
neg_032,Food,https://en.wikipedia.org/wiki/Sushi,en.wikipedia.org,
neg_033,Food,https://en.wikipedia.org/wiki/Hamburger,en.wikipedia.org,
neg_034,Food,https://en.wikipedia.org/wiki/Chocolate_chip_cookie,en.wikipedia.org,
neg_035,Food,https://en.wikipedia.org/wiki/Ice_cream,en.wikipedia.org,
neg_036,Food,https://en.wikipedia.org/wiki/Taco,en.wikipedia.org,
neg_037,Travel,https://en.wikipedia.org/wiki/Bali,en.wikipedia.org,
neg_038,Travel,https://en.wikipedia.org/wiki/Maldives,en.wikipedia.org,
neg_039,Travel,https://en.wikipedia.org/wiki/Santorini,en.wikipedia.org,
neg_040,Travel,https://en.wikipedia.org/wiki/Walt_Disney_World,en.wikipedia.org,
neg_041,Travel,https://en.wikipedia.org/wiki/Las_Vegas,en.wikipedia.org,
neg_042,Travel,https://en.wikipedia.org/wiki/Ibiza,en.wikipedia.org,
neg_043,Celebrities,https://en.wikipedia.org/wiki/Taylor_Swift,en.wikipedia.org,
neg_044,Celebrities,https://en.wikipedia.org/wiki/Kim_Kardashian,en.wikipedia.org,
neg_045,Celebrities,https://en.wikipedia.org/wiki/Cristiano_Ronaldo,en.wikipedia.org,
neg_046,Celebrities,https://en.wikipedia.org/wiki/Beyoncé,en.wikipedia.org,
neg_047,Celebrities,https://en.wikipedia.org/wiki/Justin_Bieber,en.wikipedia.org,
neg_048,Celebrities,https://en.wikipedia.org/wiki/Kylie_Jenner,en.wikipedia.org,
neg_049,Fashion_Brands,https://en.wikipedia.org/wiki/Gucci,en.wikipedia.org,
neg_050,Fashion_Brands,https://en.wikipedia.org/wiki/Louis_Vuitton,en.wikipedia.org,
neg_051,Fashion_Brands,"https://en.wikipedia.org/wiki/Nike,_Inc.",en.wikipedia.org,
neg_052,Fashion_Brands,https://en.wikipedia.org/wiki/Air_Jordan,en.wikipedia.org,
neg_053,Fashion_Brands,https://en.wikipedia.org/wiki/Supreme_(brand),en.wikipedia.org,
neg_054,Fashion_Brands,https://en.wikipedia.org/wiki/Balenciaga,en.wikipedia.org,
neg_055,Memes,https://en.wikipedia.org/wiki/Rickrolling,en.wikipedia.org,
neg_056,Memes,https://en.wikipedia.org/wiki/Doge_(meme),en.wikipedia.org,
neg_057,Memes,https://en.wikipedia.org/wiki/Pepe_the_Frog,en.wikipedia.org,
neg_058,Memes,https://en.wikipedia.org/wiki/Grumpy_Cat,en.wikipedia.org,
neg_059,Memes,https://en.wikipedia.org/wiki/Nyan_Cat,en.wikipedia.org,
neg_060,Memes,https://en.wikipedia.org/wiki/Harlem_Shake_(meme),en.wikipedia.org,
