uid,topic,url,label,title,keep
1096909,Biology,www.rcsb.org,/en/Science/Biology/Biochemistry_and_Molecular_Biology/Biomolecules/Proteins_and_Enzymes/Structure,RCSB PDB: Homepage,1
1515929,Biology,www.seaturtleinc.org,/en/Science/Biology/Flora_and_Fauna/Animalia/Chordata/Reptilia/Testudines/Chelonioidea,"Sea Turtle, Inc &#8211; South Padre Island, TX",1
1747891,Biology,www.kojair.com,/en/Science/Biology/Microbiology/Products_and_Services,Microbiological Safety Cabinets | Kojair Tech Oy | Kojair Tech Oy,
1749962,Biology,www.molecularcloning.com,/en/Science/Biology/Biochemistry_and_Molecular_Biology/Methods_and_Techniques,Molecular Cloning,1
1750445,Biology,www.wildlearn.com,/en/Science/Biology/Ecology/Education,CNY Mobile Marketing &#124; Digital Marketing Services for Small Businesses,
1756412,Biology,www.marypaullabs.com,/en/Science/Biology/Microbiology/Products_and_Services/Reference_Laboratories,RGA Laboratory Services,
1757420,Biology,www.biosyn.com,/en/Science/Biology/Biochemistry_and_Molecular_Biology/Products_and_Services/Contract_Services,"Bio-Synthesis Inc - Life Science Services Provider for Peptides, Oligonucleotides, DNA, RNA Synthesis",1
1762740,Biology,www.myrmecos.net,/en/Science/Biology/Flora_and_Fauna/Animalia/Arthropoda/Insecta/Hymenoptera/Apocrita/Formicidae,MYRMECOS &#8211; Little Things Matter,
1764537,Biology,butterflies.freeservers.com,/en/Science/Biology/Flora_and_Fauna/Animalia/Arthropoda/Insecta/Lepidoptera,Amateur entomologist - butterfly collection,1
432133,Biology,www.zooguadalajara.com.mx,/en/Science/Biology/Zoology/Zoos_and_Aquariums/North_America/Mexico,Zoológico | Inicio,
1746074,Chemistry,www.screening-compounds.com,/en/Science/Chemistry/Organic,Combinatorial Chemistry,
1746108,Chemistry,www.wiredchemist.com,/en/Science/Chemistry/Directories,Wired Chemist,1
1746132,Chemistry,www.chemheritage.org,/en/Science/Chemistry/History,Science History Institute | Home,1
1751097,Chemistry,analyticalchemistpharma.blogspot.com,/en/Science/Chemistry/Analytical/Publications,analyticalchemist,
1751204,Chemistry,www.merzgroup.org,/en/Science/Chemistry/Computational/Research_Groups,Merz Research Group - Home,1
1751290,Chemistry,www-keeler.ch.cam.ac.uk,/en/Science/Chemistry/Nuclear_Magnetic_Resonance/Pulse_Sequences,The James Keeler Group - Department of Chemistry - University of Cambridge,
1751357,Chemistry,chemnomparse.sourceforge.net,/en/Science/Chemistry/Organic/Software,ChemNomParse Project,1
1758191,Chemistry,www.leco.com,/en/Science/Chemistry/Analytical/Products_and_Services/Instruments,"Analytical, Laboratory and Scientific Instruments | LECO Corporation",
1761925,Chemistry,www.makarandelectronics.com,/en/Science/Chemistry/Analytical/Separations_Science/Gas_Chromatography/Products_and_Services/Instruments,"Gas Chromatograph, Motorised Electronic Linear Potentiometer, Potentiometers, Binary Lpg Gas Analyser, Dedicated Analyzers, Analyzer, Gc and Hplc Peripherals, Chromatography Software Data Systems, Analytical Instrument Instrumention, Accessories, Mumbai, India",
1761931,Chemistry,www.iconsci.com,/en/Science/Chemistry/Analytical/Separations_Science/Liquid_Chromatography/Products_and_Services/Instruments,"Liquid Chromatography Products | Distributing Since 1993 | Icon Scientific, Inc.",
1083343,Computer_Science,www.isi.edu,/en/Computers/Computer_Science/Research_Institutes,Information Sciences Institute,1
1088660,Computer_Science,www.ec2002.tue.nl,/en/Computers/Computer_Science/Conferences/2002,Eurocrypt 2002,
1088699,Computer_Science,ieeexplore.ieee.org,/en/Computers/Computer_Science/Publications/Commercial_Services,IEEE Xplore,
1101327,Computer_Science,www.macs.hw.ac.uk,/en/Computers/Computer_Science/Academic_Departments/Europe/United_Kingdom,Mathematical and Computer Sciences - Heriot-Watt University,1
1101329,Computer_Science,nikel.ulster.ac.uk,/en/Computers/Computer_Science/Academic_Departments/Europe/United_Kingdom,Ulster University,
1101375,Computer_Science,www.cs.waikato.ac.nz,/en/Computers/Computer_Science/Academic_Departments/Oceania/New_Zealand,Department of Computer Science: University of Waikato,1
1108655,Computer_Science,www.kwsnforum.com,/en/Computers/Computer_Science/Distributed_Computing/Projects/Teams/Multiple,KWSN Orbiting Fortress :: Index,
1109472,Computer_Science,www.cs.ucdavis.edu,/en/Computers/Computer_Science/Academic_Departments/North_America/United_States/California,Computer Science,1
1109473,Computer_Science,www.ics.uci.edu,/en/Computers/Computer_Science/Academic_Departments/North_America/United_States/California,"Donald Bren School of Information and Computer Sciences @ University of California, Irvine",1
1109533,Computer_Science,www.cs.umt.edu,/en/Computers/Computer_Science/Academic_Departments/North_America/United_States/Montana,- College of Humanities and Sciences / Computer Science - University Of Montana, 1
1210464,Economics,econ.georgetown.edu,/en/Science/Social_Sciences/Economics/Academic_Departments/North_America/United_States/Washington%2C_DC,Department of Economics | Georgetown University,1
1623947,Economics,www.hillandhollowfarm.com,/en/Science/Social_Sciences/Economics/Agricultural_and_Rural_Economics/Community_Supported_Agriculture/Regional/United_States/Kentucky,"Hill and Hollow CSA - Edmonton, KY",
1754030,Economics,www.oxfordeconomics.com,/en/Science/Social_Sciences/Economics/Forecasting_and_Consulting,Oxford Economics | Leader in global economic forecasting and analysis,1
1754056,Economics,www.sportseconomics.com,/en/Science/Social_Sciences/Economics/Sports_Economics,Sports Economics,1
1754060,Economics,www.gtap.agecon.purdue.edu,/en/Science/Social_Sciences/Economics/Microeconomics/Computational_Equilibrium_Analysis,Global Trade Analysis Project (GTAP),1
1760482,Economics,www.developmentgateway.org,/en/Science/Social_Sciences/Economics/Development_Economics/Organizations,Development Gateway &ndash; Data and digital solutions for international development.,1
1760568,Economics,freetochoose.net,/en/Science/Social_Sciences/Economics/People/Friedman%2C_Milton,Free To Choose Network Shop,
1764166,Economics,economics.missouri.edu,/en/Science/Social_Sciences/Economics/Academic_Departments/North_America/United_States/Missouri,Economics Home | Economics - Economics,1
1764320,Economics,www.monroefarm.com,/en/Science/Social_Sciences/Economics/Agricultural_and_Rural_Economics/Community_Supported_Agriculture/Regional/United_States/Colorado,Monroe Organic Farms LLC,
389631,Economics,www.ild.org.pe,/en/Science/Social_Sciences/Economics/Institutes,ILD - Institute for Liberty and Democracy,1
1186530,History,footguards.tripod.com,/en/Society/History/By_Time_Period/Eighteenth_Century/Wars_and_Conflicts/American_Revolution/Units,Redcoats Boston reenactment,
1210661,History,www.asap.unimelb.edu.au,/en/Society/History/By_Topic/Science,ASAPWeb - Australian Science Archives Project Home Page,1
1801907,History,www.questconnect.org,/en/Society/History/Education,ADVENTURE LEARNING FOUNDATION = online learning expeditions,1
1801936,History,realaula.homestead.com,/en/Society/History/Journals,realaula,
1808221,History,www.kilroywashere.org,/en/Society/History/By_Time_Period/Twentieth_Century/Wars_and_Conflicts,WWII 's - Kilroy Was Here Unknown stories and forgotten places,
1814012,History,www.roll-of-honour.com,/en/Society/History/By_Topic/Wars_and_Conflicts/Regional/United_Kingdom,Roll of Honour - About us,1
1814791,History,www.thejucketts.com,/en/Society/History/By_Region/North_America/United_States/Wars/Civil_War/Memoirs,Juckett Family Civil War Letter's,1
1815132,History,atomicchildhood.songsmyth.com,/en/Society/History/By_Time_Period/Twentieth_Century/Atomic_Age,The Bomb for My Pillow--A Child of the Atomic Age,
1815215,History,edison.rutgers.edu,/en/Society/History/By_Topic/Science/Engineering_and_Technology/Biography/Edison%2C_Thomas_Alva,The Thomas A. Edison Papers at Rutgers University,1
1825105,History,www.evabraun.dk,/en/Society/History/By_Region/Europe/Germany/Historical_Personages/Braun%2C_Eva,No website is currently present on this hostname,
1243621,Law,www.caselaw.co.za,/en/Society/Law/Products/Databases,Caselaw | An online searchable database of CCMA Awards and labour court judgements,
1642593,Law,www.newjerseyimmigrationlawyers.com,/en/Society/Law/Services/Lawyers_and_Law_Firms/Immigration/North_America/United_States/New_Jersey,Newark Immigration | U.S. Citizenship Attorney,1
1804679,Law,www.internetcases.com,/en/Society/Law/Legal_Information/Computer_and_Technology_Law/Internet,Chicago technology attorney - Evan Brown,1
1816217,Law,www.artists-bill-of-rights.org,/en/Society/Law/Legal_Information/Intellectual_Property/Copyrights,Artists Bill of Rights,1
1816394,Law,www.iltla.com,/en/Society/Law/Organizations/Bar_Associations/North_America/United_States/Illinois,Illinois Trial Lawyers Association (ITLA) -,
1825827,Law,www.foxrothschild.com,/en/Society/Law/Services/Lawyers_and_Law_Firms/Business_and_Corporate_Law/North_America/United_States,Fox Rothschild LLP — Attorneys at Law,1
1826200,Law,www.cohausz-florack.de,/en/Society/Law/Services/Lawyers_and_Law_Firms/Intellectual_Property/Europe/Germany,C&amp;F: COHAUSZ &amp; FLORACK,1
1835789,Law,www.pierceandshows.com,/en/Society/Law/Services/Lawyers_and_Law_Firms/General_Practice/North_America/United_States/Louisiana,Pierce &amp; Shows | Baton Rouge Auto Accident Attorney | Free Consultation,1
1836577,Law,www.vblaw.com,/en/Society/Law/Services/Lawyers_and_Law_Firms/Immigration/North_America/United_States/California,San Francisco Immigration Lawyer | Palo Alto Family Visa Attorney | Bay Area Permanent Resident Immigration Law Firm,1
1837636,Law,www.montana-injury-lawyer.com,/en/Society/Law/Services/Lawyers_and_Law_Firms/Personal_Injury/North_America/United_States/Montana,"Montana Trial Lawyers, Waddell&amp;Magan, Bozeman, MT",1
1203394,Mathematics,www.rose-hulman.edu,/en/Science/Math/Statistics/Academic_Departments/North_America/United_States,Rose-Hulman Institute of Technology,1
1212398,Mathematics,www.math.harvard.edu,/en/Science/Math/Academic_Departments/North_America/United_States,Harvard University Mathematics Department Cambridge MA,1
1213336,Mathematics,www.caam.rice.edu,/en/Science/Math/Academic_Departments/North_America/United_States,Department of Computational and Applied Mathematics | Rice University,1
1219182,Mathematics,www.impan.pl,/en/Science/Math/Academic_Departments/Europe/Poland,Instytut Matematyczny Polskiej Akademii Nauk,
1748417,Mathematics,www.imstat.org,/en/Science/Math/Statistics/Organizations,Institute of Mathematical Statistics | Fostering the development and dissemination of the theory and applications of statistics and probability,1
1748867,Mathematics,www.umetrics.com,/en/Science/Math/Statistics/Software,Umetrics Suite of Data Analytics Software | Sartorius,1
1752773,Mathematics,www.axiomainc.com,/en/Science/Math/Operations_Research/Commercial_Sites,Qontigo - Financial Intelligence Innovator | Qontigo,
1752985,Mathematics,fractionsimplifier.com,/en/Science/Math/Calculators/Web-Based,Fraction Simplifier - Fraction Simplifier Calculator,1
1753094,Mathematics,www.cccg.ca,/en/Science/Math/Geometry/Computational_Geometry/Events,Canadian Conference on Computational Geometry,1
1759886,Mathematics,math.columbian.gwu.edu,/en/Science/Math/Academic_Departments/North_America/United_States,The Department of Mathematics | The George Washington University,1
1803128,Philosophy,cal.polylog.org,/en/Society/Philosophy/Conferences,polylog / Intercultural Philosophy Calendar,
1803135,Philosophy,www.bek-bek.com,/en/Society/Philosophy/Humor,Meaning of Life - get ready!,
1803161,Philosophy,beautymatters.blogspot.com,/en/Society/Philosophy/Aesthetics,Beauty Matters,
1804858,Philosophy,www.humankindness.org,/en/Society/Philosophy/Ethics/Education/Empathy_and_Compassion,Human Kindness Foundation,1
1805532,Philosophy,www.hedweb.com,/en/Society/Philosophy/Ethics/Applied/Science_and_Technology,The Hedonistic Imperative,1
1810465,Philosophy,www.anus.com,/en/Society/Philosophy/Continental_Philosophy/Nihilism,"American Nihilist Underground Society: Nihilism, Nihilists and Virulent Realism",
1818360,Philosophy,objectivistvoices.toastmastersclubs.org,/en/Society/Philosophy/Movements/Objectivism/Organizations,Objectivist Voices Toastmasters Club,1
1819946,Philosophy,www.husserl.net,/en/Society/Philosophy/Philosophers/H/Husserl%2C_Edmund,Husserl.net,1
1819955,Philosophy,www.permuted.org.uk,/en/Society/Philosophy/Philosophers/W/Whitehead%2C_Alfred_North,Everything is Permuted - Introduction Page,1
427598,Philosophy,electroneubio.secyt.gov.ar,/en/Society/Philosophy/Philosophy_of_Science/Physics/Mind-Body%2C_Consciousness%2C_Quantum_Computing,Buenos Aires City Govt.- Electroneurobiology Journal & Research Laboratory,
1609908,Physics,www.idtvision.com,/en/Science/Physics/Products_and_Services,Slow Motion High Speed Digital Cameras | Integrated Design Tools Inc.,
1745562,Physics,www.rajandogra.freeservers.com,/en/Science/Physics/Relativity/Alternative,APPARENT LACK OF SYMMETRY IN STELLAR,1
1746666,Physics,www.antibubble.org,/en/Science/Physics/Fluid_Mechanics_and_Dynamics,Antibubbles,1
1746807,Physics,www.scitation.org,/en/Science/Physics/Publications,Scitation - Home,
1746817,Physics,space.mit.edu,/en/Science/Physics/Research_Groups_and_Centers,MIT Kavli Institute,1
1753409,Physics,www.flometrics.com,/en/Science/Physics/Fluid_Mechanics_and_Dynamics/Products_and_Services,Flometrics &#8211; Engineers Solving Problems in Fluid Dynamics and Thermodynamics &#8211; Welcome to Flometrics,1
1753449,Physics,stableisotopefacility.ucdavis.edu,/en/Science/Physics/Nuclear/Isotopes,Stable Isotope Facility,
1753676,Physics,www.lsop.colostate.edu,/en/Science/Physics/Education/Outreach_and_Entertainment,Little Shop of Physics | CSU,1
1753732,Physics,jhep.sissa.it,/en/Science/Physics/Publications/Journals,-- JHEP --,
1760244,Physics,www.bowlesphysics.com,/en/Science/Physics/Education/Personal_and_Class_Pages/Secondary,Mr. B&#39;s Science Portal,1
